run,weight
1,7.94549858228
2,8.92708552914
3,13.2144568048
4,9.94470441764
5,9.27184067041
6,10.1034378588
