run,weight
1,0.0794549858228
2,0.0892708552914
3,0.132144568048
4,0.0994470441764
5,0.0927184067041
6,0.101034378588